lifecycle_stage,engagement_tier,revenue_tier,clv_value_tier,churn_risk_tier,value_risk_quadrant,lifecycle_strategy_readout,retention_budget_tier,customers,future_churn_rate,avg_predicted_churn_probability,avg_lifecycle_duration_months,median_lifecycle_duration_months,avg_observed_month_coverage_rate,profit_adjusted_clv_proxy,future_churned_clv_proxy,avg_monthly_value_baseline,lifecycle_model_priority_score,lifecycle_model_recommendation
Long-tenure,High engagement,High revenue,Elite value,Critical risk,High risk / high value,Immediate save-worthiness review,Premium save budget,14690,0.817426820966644,0.8140968161436886,1.261061946902655,1.0,0.9918707874303851,72578474.78916657,66933351.19250099,831.7606761969595,182135368.93821514,Highest priority lifecycle segment
Established,High engagement,High revenue,Elite value,Critical risk,High risk / high value,Immediate save-worthiness review,Premium save budget,7391,0.8193749154376945,0.8154135054039657,1.0819916114192938,1.0,0.9976237558499781,27177197.254998144,24622967.524998445,697.0002705993776,67051301.68200815,Highest priority lifecycle segment
Long-tenure,High engagement,No observed revenue,Elite value,Critical risk,High risk / high value,Immediate save-worthiness review,Premium save budget,2367,0.9286016054076891,0.918927817543274,3.8652302492606676,2.0,0.7986119881208642,9732401.174166724,9551678.760000024,695.4295169694411,27493473.11520194,Highest priority lifecycle segment
Early lifecycle,High engagement,High revenue,Elite value,Critical risk,High risk / high value,Immediate save-worthiness review,Premium save budget,2865,0.5256544502617801,0.522094332185104,1.068760907504363,1.0,0.9992321116928448,5516467.937499996,3826643.274999991,402.5657940663176,8736768.060257595,Highest priority lifecycle segment
Established,High engagement,No observed revenue,Elite value,Critical risk,High risk / high value,Immediate save-worthiness review,Premium save budget,1039,0.9056785370548605,0.8961426031944747,2.803657362848893,2.0,0.8565820416192655,2773199.184166661,2680643.4741666624,503.0522938723132,7624323.443013984,Highest priority lifecycle segment
Long-tenure,High engagement,Medium revenue,High value,Critical risk,High risk / high value,Immediate save-worthiness review,Moderate save budget,3267,0.8062442607897153,0.798029821280987,3.1068258340985615,2.0,0.9571414954645278,3179716.247500004,2497911.6174999923,149.0,6736979.368783819,Highest priority lifecycle segment
Long-tenure,No observed activity,High revenue,Elite value,Critical risk,High risk / high value,Immediate save-worthiness review,Premium save budget,1477,0.906567366283006,0.903488314290744,3.1665538253215977,1.0,0.9945624824557205,2096997.9550000266,1893994.5483333596,299.69329722410293,5407794.735124389,Highest priority lifecycle segment
Long-tenure,High engagement,Medium revenue,Core value,Critical risk,Standard lifecycle population,Monitor lifecycle trend,Low-cost save budget,3666,0.7244953627932351,0.7166563654000304,3.9871794871794872,2.0,0.9313140365564809,3612146.904166699,2584617.0458333446,138.206401163848,3327674.477888425,Lifecycle monitoring segment
Long-tenure,High engagement,High revenue,Elite value,High risk,High risk / high value,Premium save timing analysis,Premium save budget,21809,0.06272639735888853,0.06483540044308589,1.1078912375624743,1.0,0.9961097667762937,30870258.683333762,1851637.1250000019,217.92785852935333,2957533.1392119913,Highest priority lifecycle segment
Long-tenure,High engagement,Medium revenue,Elite value,Critical risk,High risk / high value,Immediate save-worthiness review,Premium save budget,1362,0.7812041116005873,0.764060671559415,4.417033773861967,2.0,0.9122182822268595,1403639.1524999968,1023437.7074999979,155.62310327949066,2708109.3143875115,Highest priority lifecycle segment
Unknown tenure,No observed activity,High revenue,Elite value,Critical risk,High risk / high value,Immediate save-worthiness review,Premium save budget,1555,0.9877813504823151,0.9831212427594846,1.342122186495177,1.0,0.9983703270648608,825523.07499998,813564.5049999803,241.07073954983923,2420095.578330849,Lifecycle monitoring segment
Established,No observed activity,High revenue,Elite value,Critical risk,High risk / high value,Immediate save-worthiness review,Premium save budget,1095,0.9205479452054794,0.9153417885703464,1.2127853881278539,1.0,0.9990867579908675,941179.8066666628,814373.841666662,247.4027397260274,2339706.375694093,Lifecycle monitoring segment
Long-tenure,High engagement,Medium revenue,High value,High risk,High risk / high value,Monitor lifecycle trend,Moderate save budget,35210,0.036523714853734734,0.03415158829968985,1.347855722806021,1.0,0.997905945448263,40914655.372498825,1352287.4949999996,149.0,2097705.391188088,Highest priority lifecycle segment
Long-tenure,No observed activity,Medium revenue,High value,Critical risk,High risk / high value,Immediate save-worthiness review,Moderate save budget,985,0.9258883248730965,0.9032429628873783,3.52994923857868,2.0,0.9753661578460028,670274.6374999922,607888.7099999937,149.0,1735439.8642892614,Lifecycle monitoring segment
Established,High engagement,High revenue,Elite value,High risk,High risk / high value,Premium save timing analysis,Premium save budget,16438,0.047998539968365984,0.052106730462802786,1.0006083465141744,1.0,1.0,20881249.610000122,911713.6925,200.62708358681104,1438830.1682015164,Lifecycle monitoring segment
Long-tenure,No observed activity,Medium revenue,Elite value,Critical risk,High risk / high value,Immediate save-worthiness review,Premium save budget,615,0.7983739837398374,0.7703804276089968,6.803252032520326,4.0,0.8755804102888952,647968.7716666664,477895.5999999994,186.97018970189694,1269085.5250206855,Lifecycle monitoring segment
Established,High engagement,Medium revenue,High value,High risk,High risk / high value,Monitor lifecycle trend,Moderate save budget,14501,0.05096200262050893,0.0474940413402739,1.2400524101786083,1.0,1.0,14511209.83000019,656768.9050000001,149.0,1031942.2717876148,Lifecycle monitoring segment
Established,High engagement,Medium revenue,High value,Critical risk,High risk / high value,Immediate save-worthiness review,Moderate save budget,648,0.7854938271604939,0.774113189732374,1.617283950617284,1.0,0.9978395061728393,479615.72750000027,358979.36749999993,149.0,955305.0460853025,Lifecycle monitoring segment
Long-tenure,High engagement,Medium revenue,Core value,High risk,Standard lifecycle population,Monitor lifecycle trend,Low-cost save budget,32245,0.0327182508916111,0.03235189667428164,1.298743991316483,1.0,0.9950972327652707,36250819.85416724,1109278.289166666,142.41706724556784,858874.1593206075,Lifecycle monitoring segment
Long-tenure,High engagement,Medium revenue,Elite value,High risk,High risk / high value,Premium save timing analysis,Premium save budget,14564,0.035361164515243064,0.03663378231626922,2.353886294973908,1.0,0.9630478344877395,17306097.954166695,542220.3691666668,153.28575025176207,843125.9282072484,Lifecycle monitoring segment
Long-tenure,High engagement,Medium revenue,High value,Medium risk,Medium risk / high value,Monitor lifecycle trend,Moderate save budget,79557,0.006511054966879093,0.007810943518050072,1.1892730997900876,1.0,1.0,98928817.45499401,639708.7775000001,149.0,741411.3326234113,Lifecycle monitoring segment
Long-tenure,No observed activity,Medium revenue,Core value,Critical risk,Standard lifecycle population,Monitor lifecycle trend,Low-cost save budget,848,0.8903301886792453,0.863301350310357,3.7535377358490565,2.0,0.9779625154558802,566518.6041666667,490417.17833333527,143.06407232704402,685346.2429529241,Lifecycle monitoring segment
Early lifecycle,High engagement,High revenue,Elite value,High risk,High risk / high value,Premium save timing analysis,Premium save budget,7122,0.041982589160348215,0.04302208268058102,1.0001404099971918,1.0,1.0,8531866.882500034,336426.35,191.26579612468407,526350.1683684391,Lifecycle monitoring segment
Long-tenure,High engagement,Low revenue,Core value,Critical risk,Standard lifecycle population,Monitor lifecycle trend,Low-cost save budget,856,0.552570093457944,0.5517935338547323,6.793224299065421,3.0,0.8434497106723855,694387.7199999983,362423.66333333345,102.97819314641742,421805.0229574585,Lifecycle monitoring segment
Established,High engagement,Medium revenue,Elite value,High risk,High risk / high value,Premium save timing analysis,Premium save budget,5796,0.051932367149758456,0.05010137488660257,1.2232574189095928,1.0,0.9999424890729237,5735169.11500005,264809.5125000001,149.0698757763975,417115.2497389517,Lifecycle monitoring segment
Long-tenure,High engagement,High revenue,Elite value,Medium risk,Medium risk / high value,Monitor lifecycle trend,Premium save budget,27838,0.007866944464401178,0.00842867297041859,1.004921330555356,1.0,0.9997724051902533,42294469.880000904,340017.21,196.14707713676748,394315.5694475148,Lifecycle monitoring segment
Established,High engagement,Medium revenue,Core value,Critical risk,Standard lifecycle population,Monitor lifecycle trend,Low-cost save budget,629,0.6597774244833068,0.6602994949662745,1.6120826709062004,1.0,0.9994700582935876,471710.7524999992,300928.45249999966,138.43826179120296,374723.518280049,Lifecycle monitoring segment
Long-tenure,High engagement,Medium revenue,Core value,Medium risk,Standard lifecycle population,Monitor lifecycle trend,Low-cost save budget,55977,0.00685996034085428,0.0077348343626392705,1.1730353538060274,1.0,1.0,68351989.81000033,473785.87749999994,146.24874502027617,358087.8995893651,Lifecycle monitoring segment
Established,High engagement,Medium revenue,Core value,High risk,Standard lifecycle population,Monitor lifecycle trend,Low-cost save budget,9474,0.04823728097952291,0.04752060045578614,1.2304200971078743,1.0,0.9999136392423282,9457293.787500018,408689.7749999997,148.63742875237492,321083.21888110484,Lifecycle monitoring segment
Long-tenure,High engagement,Low revenue,Low value,Critical risk,High risk / low value,Do not overspend,Automation only,1621,0.5774213448488588,0.5872137683939309,5.370758790869833,2.0,0.9006718678894972,1251578.5424999958,689342.9399999984,99.0,273533.65137828724,Do not spend premium budget
Long-tenure,High engagement,Medium revenue,Elite value,Medium risk,Medium risk / high value,Monitor lifecycle trend,Premium save budget,30147,0.005804889375393903,0.007774234794003353,1.7195409161773973,1.0,0.981364281418411,38094870.49333391,218004.5075,151.4993310556048,252654.22458657442,Lifecycle monitoring segment
Early lifecycle,High engagement,Medium revenue,High value,Critical risk,High risk / high value,Immediate save-worthiness review,Moderate save budget,500,0.404,0.33526232943815687,1.094,1.0,1.0,332476.3649999996,124675.0050000001,149.0,249710.75639852099,Lifecycle monitoring segment
Long-tenure,No observed activity,Medium revenue,High value,High risk,High risk / high value,Monitor lifecycle trend,Moderate save budget,5747,0.029580650774317034,0.026881551656734642,1.0542891943622759,1.0,1.0,5315500.872499908,157235.97499999995,149.0,242194.08297638924,Lifecycle monitoring segment
Early lifecycle,High engagement,Medium revenue,High value,High risk,High risk / high value,Monitor lifecycle trend,Moderate save budget,3282,0.04570383912248629,0.055739470356194414,1.1273613650213286,1.0,1.0,2958554.429999993,119561.32499999998,149.0,189338.4148958772,Lifecycle monitoring segment
Established,High engagement,Low revenue,Low value,Critical risk,High risk / low value,Do not overspend,Automation only,904,0.9015486725663717,0.8687622673184997,1.8174778761061947,1.0,0.999010570304818,464757.47500000003,400694.57999999996,98.97123893805309,187200.72795575846,Do not spend premium budget
Long-tenure,No observed activity,Medium revenue,Core value,High risk,Standard lifecycle population,Monitor lifecycle trend,Low-cost save budget,4889,0.03599918183677644,0.03482106669851835,1.0572714256494171,1.0,0.9993618928446814,4359341.024999942,153101.77999999988,143.64287175291471,118824.7104697813,Lifecycle monitoring segment
Unknown tenure,No observed activity,Low revenue,Low value,Critical risk,High risk / low value,Do not overspend,Automation only,861,0.9732868757259001,0.9543380483276964,1.1939605110336817,1.0,1.0,229320.84499999805,217190.8699999983,98.92566782810685,106116.09524759778,Do not spend premium budget
Long-tenure,No observed activity,Medium revenue,Elite value,High risk,High risk / high value,Premium save timing analysis,Premium save budget,2292,0.028795811518324606,0.029173141747154678,1.9197207678883073,1.0,0.9724418132205398,2285490.4041667213,65968.6408333333,152.85674810936592,101839.7300148469,Lifecycle monitoring segment
Established,No observed activity,Low revenue,Low value,Critical risk,High risk / low value,Do not overspend,Automation only,677,0.9719350073855244,0.9680351214969901,1.1816838995568686,1.0,0.999753815854259,218101.45499999984,206798.37749999992,99.0,101746.6174971482,Do not spend premium budget
Early lifecycle,High engagement,Medium revenue,Elite value,High risk,High risk / high value,Premium save timing analysis,Premium save budget,1268,0.06072555205047318,0.058332084093363934,1.114353312302839,1.0,1.0,1134667.9825000013,58478.939999999995,149.08044164037855,92835.20766865616,Lifecycle monitoring segment
Long-tenure,High engagement,Low revenue,Low value,Medium risk,Standard lifecycle population,Monitor lifecycle trend,Automation only,15975,0.008200312989045383,0.007713793867675307,1.00075117370892,1.0,0.9998935837245696,12776554.147500467,103934.90250000003,99.0,78552.47618515645,Lifecycle monitoring segment
Early lifecycle,High engagement,Medium revenue,Core value,High risk,Standard lifecycle population,Monitor lifecycle trend,Low-cost save budget,2092,0.058317399617590825,0.054775772994339625,1.1218929254302104,1.0,1.0,1887579.0375000043,93198.94999999995,148.14818355640534,73727.99589638307,Lifecycle monitoring segment
Established,High engagement,High revenue,Elite value,Medium risk,Medium risk / high value,Monitor lifecycle trend,Premium save budget,6305,0.006978588421887391,0.0087676799390304,1.0,1.0,1.0,8588481.589999981,62124.0425,204.74306106264868,72069.03515433252,Lifecycle monitoring segment
Established,High engagement,Medium revenue,High value,Medium risk,Medium risk / high value,Monitor lifecycle trend,Moderate save budget,7461,0.006433453960595094,0.008175898577552321,1.0202385739177053,1.0,1.0,8579457.250000063,56153.630000000005,149.0,65104.64684118761,Lifecycle monitoring segment
Unknown tenure,No observed activity,Medium revenue,High value,Medium risk,Medium risk / high value,Monitor lifecycle trend,Moderate save budget,9963,0.005420054200542005,0.007495508039375286,1.0,1.0,1.0,7285119.952500585,39485.74499999997,149.0,45748.96732695142,Lifecycle monitoring segment
Long-tenure,No observed activity,Medium revenue,High value,Medium risk,Medium risk / high value,Monitor lifecycle trend,Moderate save budget,6740,0.0057863501483679525,0.007000246458129581,1.2780415430267063,1.0,1.0,6233943.949999895,36071.7825,149.0,41772.93794783665,Lifecycle monitoring segment
Established,No observed activity,Medium revenue,High value,High risk,High risk / high value,Monitor lifecycle trend,Moderate save budget,1257,0.024661893396976928,0.026906330225895544,1.1933174224343674,1.0,0.9994431185361973,1040880.8475000049,25670.09250000002,149.0,39541.17072860146,Lifecycle monitoring segment
Unknown tenure,No observed activity,Medium revenue,Core value,High risk,Standard lifecycle population,Monitor lifecycle trend,Low-cost save budget,3329,0.021628116551516974,0.012661687340906573,1.1661159507359566,1.0,0.999474316611595,2159010.457499883,46856.81,132.15410033042957,35587.5722085092,Lifecycle monitoring segment
Long-tenure,High engagement,Low revenue,Core value,Medium risk,Standard lifecycle population,Monitor lifecycle trend,Low-cost save budget,6639,0.007531254707034192,0.007699040905569128,1.0128031330019582,1.0,0.9994082648875185,5304561.9791666325,40920.165000000015,99.0251041823568,30926.408268148236,Lifecycle monitoring segment
Long-tenure,Medium engagement,Medium revenue,High value,High risk,High risk / high value,Monitor lifecycle trend,Moderate save budget,902,0.019955654101995565,0.023195299678527657,1.3503325942350333,1.0,0.9975678042353546,925333.9550000087,18566.144999999997,149.0,28495.18844572499,Lifecycle monitoring segment
Established,High engagement,Medium revenue,Elite value,Medium risk,Medium risk / high value,Monitor lifecycle trend,Premium save budget,2785,0.006463195691202872,0.00822023744429603,1.02262118491921,1.0,1.0,3187159.1700000013,20871.175000000003,149.0,24199.152166377677,Lifecycle monitoring segment
Unknown tenure,No observed activity,Medium revenue,High value,High risk,High risk / high value,Monitor lifecycle trend,Moderate save budget,752,0.026595744680851064,0.0170816520525351,2.0013297872340425,2.0,1.0,549875.5600000106,14624.350000000004,149.0,22311.237087291745,Lifecycle monitoring segment
Established,High engagement,Medium revenue,Core value,Medium risk,Standard lifecycle population,Monitor lifecycle trend,Low-cost save budget,5888,0.004245923913043478,0.007571457356670133,1.0171535326086956,1.0,1.0,6623572.052500057,28745.08000000001,145.2484714673913,21722.04161057556,Lifecycle monitoring segment
Unknown tenure,No observed activity,Medium revenue,Elite value,Medium risk,Medium risk / high value,Monitor lifecycle trend,Premium save budget,3721,0.0064498790647675355,0.00749550803937618,1.0,1.0,1.0,2893393.7499999483,18721.105000000003,149.0,21690.643571988534,Lifecycle monitoring segment
Long-tenure,Medium engagement,Medium revenue,High value,Medium risk,Medium risk / high value,Monitor lifecycle trend,Moderate save budget,2432,0.007401315789473684,0.007591488915232969,1.1805098684210527,1.0,1.0,2508492.4800000284,18566.145000000004,149.0,21513.153136561024,Lifecycle monitoring segment
Long-tenure,High engagement,Low revenue,Core value,High risk,Standard lifecycle population,Monitor lifecycle trend,Low-cost save budget,1385,0.020216606498194945,0.01985533500710385,3.632490974729242,1.0,0.8656666786778119,1216958.4483333335,23608.509166666667,103.10661853188927,18057.948018891835,Lifecycle monitoring segment
Established,No observed activity,High revenue,Elite value,High risk,High risk / high value,Premium save timing analysis,Premium save budget,600,0.016666666666666666,0.02466623508856027,1.0033333333333334,1.0,1.0,609490.2450000023,10109.970000000001,189.58833333333334,15539.01734513744,Lifecycle monitoring segment
Established,No observed activity,Medium revenue,Core value,High risk,Standard lifecycle population,Monitor lifecycle trend,Low-cost save budget,894,0.02796420581655481,0.0304512556935187,1.1935123042505593,1.0,1.0,730177.6950000025,19812.48750000001,146.96420581655482,15311.851967090366,Lifecycle monitoring segment
Unknown tenure,No observed activity,Medium revenue,Core value,Medium risk,Standard lifecycle population,Monitor lifecycle trend,Low-cost save budget,6282,0.004297994269340974,0.007499538503118862,1.0,1.0,1.0,4592080.252499622,19742.8725,148.95367717287488,14918.20119935694,Lifecycle monitoring segment
Long-tenure,No observed activity,Medium revenue,Core value,Medium risk,Standard lifecycle population,Monitor lifecycle trend,Low-cost save budget,4587,0.004578155657292348,0.006966986796608418,1.2703291911925005,1.0,1.0,4203036.174999934,19423.2675,147.6106387617179,14668.941861164622,Lifecycle monitoring segment
Long-tenure,Medium engagement,Medium revenue,Core value,High risk,Standard lifecycle population,Monitor lifecycle trend,Low-cost save budget,956,0.0198744769874477,0.0268231192623925,1.2573221757322175,1.0,0.9961543634190078,927325.3275000044,17825.697500000002,140.88458856345883,13727.878732483376,Lifecycle monitoring segment
Long-tenure,High engagement,Low revenue,Low value,High risk,High risk / low value,Do not overspend,Automation only,2768,0.022398843930635837,0.017567774375489797,1.68135838150289,1.0,0.9600974168569162,2341441.374999983,49465.16250000001,98.76697976878613,12583.53882856174,Do not spend premium budget
Long-tenure,High engagement,Low revenue,Low value,Low risk,Standard lifecycle population,Monitor lifecycle trend,Automation only,31032,0.000580046403712297,0.0007431169961015274,1.0,1.0,1.0,25054328.227504723,15238.079999999994,99.0,11437.052757176963,Lifecycle monitoring segment
Long-tenure,No observed activity,Medium revenue,Elite value,Medium risk,Medium risk / high value,Monitor lifecycle trend,Premium save budget,2544,0.003537735849056604,0.006982383961114733,1.2716194968553458,1.0,1.0,2470178.620000044,8697.130000000001,149.0,10071.53520617269,Lifecycle monitoring segment
Long-tenure,Medium engagement,Medium revenue,Core value,Medium risk,Standard lifecycle population,Monitor lifecycle trend,Low-cost save budget,1731,0.005199306759098787,0.007349931997349088,1.146735990756788,1.0,1.0,1734280.0800000136,9283.0725,144.73021374927788,7013.476838701095,Lifecycle monitoring segment
Long-tenure,No observed activity,Low revenue,Low value,Medium risk,Standard lifecycle population,Monitor lifecycle trend,Automation only,2268,0.0048500881834215165,0.006004564125694472,1.0,1.0,1.0,1491642.6525000432,7255.462500000001,99.0,5474.271292382116,Lifecycle monitoring segment
Established,No observed activity,Medium revenue,High value,Medium risk,Medium risk / high value,Monitor lifecycle trend,Moderate save budget,1070,0.004672897196261682,0.007030044595890103,1.0093457943925233,1.0,1.0,886032.2250000036,4140.337500000001,149.0,4794.860895857092,Lifecycle monitoring segment
Long-tenure,Medium engagement,Medium revenue,Elite value,Medium risk,Medium risk / high value,Monitor lifecycle trend,Premium save budget,930,0.004301075268817204,0.007459354389359762,1.6494623655913978,1.0,0.9837895361846082,973229.6600000075,4125.81,151.17132616487453,4780.07376077314,Lifecycle monitoring segment
Long-tenure,No observed activity,High revenue,Elite value,Medium risk,Medium risk / high value,Monitor lifecycle trend,Premium save budget,608,0.004934210526315789,0.008298910629746933,1.0,1.0,1.0,718473.6000000025,3545.1000000000004,180.0,4110.698538284543,Lifecycle monitoring segment
Long-tenure,No observed activity,Low revenue,Core value,Medium risk,Standard lifecycle population,Monitor lifecycle trend,Low-cost save budget,996,0.006024096385542169,0.0060126069001966015,1.0,1.0,1.0,614703.3749999944,3758.0400000000004,99.0,2835.476712926412,Lifecycle monitoring segment
Long-tenure,High engagement,Medium revenue,High value,Low risk,Low risk / high value,Protect without discount,Moderate save budget,6668,0.0005998800239952009,0.002510547592491202,1.0,1.0,1.0,8100001.3249998875,4658.485000000001,149.0,2802.1082089808438,"Protect, but avoid discounting"
Established,No observed activity,Medium revenue,Core value,Medium risk,Standard lifecycle population,Monitor lifecycle trend,Low-cost save budget,898,0.004454342984409799,0.006916302652975868,1.0167037861915367,1.0,1.0,723025.1925000031,3312.2700000000004,144.87639198218264,2501.3839963412797,Lifecycle monitoring segment
Early lifecycle,High engagement,Medium revenue,High value,Medium risk,Medium risk / high value,Monitor lifecycle trend,Moderate save budget,894,0.0022371364653243847,0.006402799864118185,1.0044742729306488,1.0,1.0,936239.2650000006,1995.1100000000004,149.0,2309.0669335424363,Lifecycle monitoring segment
Long-tenure,High engagement,Medium revenue,Core value,Low risk,Standard lifecycle population,Monitor lifecycle trend,Low-cost save budget,11300,0.00026548672566371683,0.0019665515362443323,1.0,1.0,1.0,11888899.359999936,3015.5775,127.82548672566372,2266.1308414239666,Lifecycle monitoring segment
Established,High engagement,Medium revenue,Core value,Low risk,Standard lifecycle population,Monitor lifecycle trend,Low-cost save budget,12279,0.0002443195699975568,0.0016649047109515774,1.0,1.0,1.0,12315286.295000043,2978.3975,131.3608600048864,2237.5171860216274,Lifecycle monitoring segment
Unknown tenure,No observed activity,Medium revenue,Core value,Low risk,Standard lifecycle population,Monitor lifecycle trend,Low-cost save budget,4269,0.0011712344811431249,0.0005852873217718512,1.0,1.0,1.0,2099919.25,2453.75,100.23424689622863,1841.3896115743482,Lifecycle monitoring segment
Long-tenure,High engagement,Low revenue,Core value,Low risk,Standard lifecycle population,Monitor lifecycle trend,Low-cost save budget,13106,0.0002289027926140699,0.0007457410560186916,1.0,1.0,1.0,10579484.272499435,2374.5150000000003,99.0,1782.2143299927247,Lifecycle monitoring segment
Early lifecycle,High engagement,Medium revenue,Core value,Medium risk,Standard lifecycle population,Monitor lifecycle trend,Low-cost save budget,1490,0.0020134228187919465,0.005527604179291476,1.0026845637583892,1.0,1.0,1417148.3300000005,2207.3025000000002,136.59865771812082,1664.6276958929707,Lifecycle monitoring segment
Long-tenure,Medium engagement,Low revenue,Low value,Medium risk,Standard lifecycle population,Monitor lifecycle trend,Automation only,908,0.003303964757709251,0.007127829264104581,1.001101321585903,1.0,1.0,622277.3700000059,2055.9825,99.0,1552.97789417249,Lifecycle monitoring segment
Established,High engagement,Medium revenue,High value,Low risk,Low risk / high value,Protect without discount,Moderate save budget,8105,0.00024676125848241827,0.0023790846126044325,1.0,1.0,1.0,9209519.76750026,2188.8100000000004,149.0,1316.410418514549,"Protect, but avoid discounting"
Unknown tenure,No observed activity,Low revenue,Low value,Low risk,Standard lifecycle population,Monitor lifecycle trend,Automation only,53122,5.6473777342720533e-05,0.00031308446720101424,1.0001129475546855,1.0,0.9999811754075524,28101899.18249426,1563.705,99.0,1173.1459288100884,Lifecycle monitoring segment
Long-tenure,No observed activity,Low revenue,Core value,Low risk,Standard lifecycle population,Monitor lifecycle trend,Low-cost save budget,2680,0.0007462686567164179,0.0005519826209986899,1.0,1.0,1.0,1653202.9799999588,1299.8700000000003,99.0,975.4406292371684,Lifecycle monitoring segment
Long-tenure,No observed activity,Low revenue,Low value,Low risk,Standard lifecycle population,Monitor lifecycle trend,Automation only,6315,0.00031670625494853525,0.0005466617419729888,1.0,1.0,1.0,4152296.3625002974,1299.8700000000001,99.0,975.435441898904,Lifecycle monitoring segment
Established,No observed activity,Low revenue,Low value,Low risk,Standard lifecycle population,Monitor lifecycle trend,Automation only,27910,7.165890361877464e-05,0.00025745191530300896,1.0,1.0,1.0,16564101.839999743,1171.17,99.0,878.603639969734,Lifecycle monitoring segment
Early lifecycle,High engagement,Low revenue,Low value,Low risk,Standard lifecycle population,Monitor lifecycle trend,Automation only,16384,6.103515625e-05,0.00024860689125551835,1.00006103515625,1.0,1.0,11012044.972498424,804.3750000000001,99.0,603.4312298761154,Lifecycle monitoring segment
Long-tenure,Medium engagement,Low revenue,Low value,Low risk,Standard lifecycle population,Monitor lifecycle trend,Automation only,1742,0.000574052812858783,0.000666035849663451,1.0,1.0,1.0,1193840.5050000057,685.3275000000001,99.0,514.3379645128202,Lifecycle monitoring segment
Established,Medium engagement,Low revenue,Low value,Low risk,Standard lifecycle population,Monitor lifecycle trend,Automation only,5900,0.00016949152542372882,0.0003057754149778982,1.0001694915254238,1.0,1.0,3663767.2500001006,620.9775000000001,99.0,465.8755347395659,Lifecycle monitoring segment
Unknown tenure,No observed activity,Low revenue,Core value,Low risk,Standard lifecycle population,Monitor lifecycle trend,Low-cost save budget,22084,4.528165187466039e-05,0.00031306366742652684,1.0,1.0,1.0,10790362.439998372,485.84250000000003,99.0,364.49594972613124,Lifecycle monitoring segment
Established,High engagement,No observed revenue,No observed value,Critical risk,High risk / low value,Do not overspend,No paid budget,9003,0.7053204487393091,0.701886451120952,1.0482061535043874,1.0,0.9962010712250828,0.0,0.0,0.0,0.0,Do not spend premium budget
Established,Medium engagement,No observed revenue,No observed value,Critical risk,High risk / low value,Do not overspend,No paid budget,771,0.9092088197146563,0.9090665244488371,1.020752269779507,1.0,0.9979824182158813,0.0,0.0,0.0,0.0,Do not spend premium budget
Early lifecycle,High engagement,Medium revenue,Core value,Low risk,Standard lifecycle population,Monitor lifecycle trend,Low-cost save budget,14412,0.0,0.000743879225531552,1.0,1.0,1.0,10603476.325,0.0,107.78615043019705,0.0,Lifecycle monitoring segment
Established,Medium engagement,Low revenue,Core value,Low risk,Standard lifecycle population,Monitor lifecycle trend,Low-cost save budget,2455,0.0,0.00029966003706974423,1.0,1.0,1.0,1524499.762499996,0.0,99.0,0.0,Lifecycle monitoring segment
Early lifecycle,No observed activity,Medium revenue,Core value,Low risk,Standard lifecycle population,Monitor lifecycle trend,Low-cost save budget,1331,0.0,0.0003115824241444102,1.0,1.0,1.0,653188.25,0.0,100.0,0.0,Lifecycle monitoring segment
Long-tenure,High engagement,Medium revenue,Elite value,Low risk,Low risk / high value,Protect without discount,Premium save budget,2525,0.0,0.0025096268711582545,1.0,1.0,1.0,3078924.452500007,0.0,149.0,0.0,"Protect, but avoid discounting"
Early lifecycle,Medium engagement,Medium revenue,Core value,Low risk,Standard lifecycle population,Monitor lifecycle trend,Low-cost save budget,1080,0.0,0.0004926455373517966,1.0,1.0,1.0,615568.1675,0.0,101.37314814814815,0.0,Lifecycle monitoring segment
Early lifecycle,No observed activity,Low revenue,Core value,Low risk,Standard lifecycle population,Monitor lifecycle trend,Low-cost save budget,1207,0.0,0.0002058139244694731,1.0,1.0,1.0,589101.7275000137,0.0,99.0,0.0,Lifecycle monitoring segment
Early lifecycle,High engagement,Medium revenue,High value,Low risk,Low risk / high value,Protect without discount,Moderate save budget,1456,0.0,0.002416117212473962,1.0,1.0,1.0,1517586.2325000046,0.0,149.0,0.0,"Protect, but avoid discounting"
Established,High engagement,Low revenue,Core value,Low risk,Standard lifecycle population,Monitor lifecycle trend,Low-cost save budget,32912,0.0,0.0002550896392878357,1.0,1.0,1.0,24155168.894995995,0.0,99.0,0.0,Lifecycle monitoring segment
Early lifecycle,No observed activity,Low revenue,Low value,Low risk,Standard lifecycle population,Monitor lifecycle trend,Automation only,2847,0.0,0.0002097887138275627,1.0,1.0,1.0,1505049.97500001,0.0,99.0,0.0,Lifecycle monitoring segment
Long-tenure,Medium engagement,No observed revenue,No observed value,Critical risk,High risk / low value,Do not overspend,No paid budget,1317,0.914958238420653,0.9067845387851552,1.017463933181473,1.0,0.998424449506454,0.0,0.0,0.0,0.0,Do not spend premium budget
Early lifecycle,High engagement,Medium revenue,Elite value,Low risk,Low risk / high value,Protect without discount,Premium save budget,527,0.0,0.002411895655151138,1.0,1.0,1.0,551706.0249999999,0.0,149.0,0.0,"Protect, but avoid discounting"
Established,No observed activity,Low revenue,Core value,Low risk,Standard lifecycle population,Monitor lifecycle trend,Low-cost save budget,11734,0.0,0.0002571307548996079,1.0,1.0,1.0,6483989.654999379,0.0,99.0,0.0,Lifecycle monitoring segment
Long-tenure,High engagement,No observed revenue,No observed value,Critical risk,High risk / low value,Do not overspend,No paid budget,15239,0.7159262418793884,0.7130171920538612,1.0202112999540651,1.0,0.9980201460539738,0.0,0.0,0.0,0.0,Do not spend premium budget
Established,High engagement,Low revenue,Low value,Low risk,Standard lifecycle population,Monitor lifecycle trend,Automation only,78055,0.0,0.00025534706635984406,1.0,1.0,1.0,57293111.947494745,0.0,99.0,0.0,Lifecycle monitoring segment
Long-tenure,Medium engagement,Low revenue,Core value,Low risk,Standard lifecycle population,Monitor lifecycle trend,Low-cost save budget,710,0.0,0.0006518163028606634,1.0,1.0,1.0,486582.5250000066,0.0,99.0,0.0,Lifecycle monitoring segment
Established,Low engagement,Low revenue,Low value,Low risk,Standard lifecycle population,Monitor lifecycle trend,Automation only,521,0.0,0.0002942347213546451,1.0,1.0,1.0,323529.27749999915,0.0,99.0,0.0,Lifecycle monitoring segment
Early lifecycle,Medium engagement,Low revenue,Core value,Low risk,Standard lifecycle population,Monitor lifecycle trend,Low-cost save budget,518,0.0,0.00030683949968026217,1.0,1.0,1.0,288333.04500000074,0.0,99.0,0.0,Lifecycle monitoring segment
Early lifecycle,High engagement,No observed revenue,No observed value,Critical risk,High risk / low value,Do not overspend,No paid budget,3206,0.7442295695570805,0.7391907340677385,1.0049906425452277,1.0,0.9993241838220003,0.0,0.0,0.0,0.0,Do not spend premium budget
Long-tenure,High engagement,Low revenue,Elite value,Medium risk,Medium risk / high value,Monitor lifecycle trend,Premium save budget,593,0.0,0.006749024721071913,20.473861720067454,20.0,0.29852907189993466,1091591.0091666668,0.0,222.11973018549727,0.0,Lifecycle monitoring segment
Early lifecycle,Medium engagement,Low revenue,Low value,Low risk,Standard lifecycle population,Monitor lifecycle trend,Automation only,1277,0.0,0.0003379807602794036,1.0,1.0,1.0,710813.3175000024,0.0,99.0,0.0,Lifecycle monitoring segment
Early lifecycle,High engagement,Low revenue,Core value,Low risk,Standard lifecycle population,Monitor lifecycle trend,Low-cost save budget,6895,0.0,0.00024796195272581577,1.0,1.0,1.0,4626385.335000018,0.0,99.0,0.0,Lifecycle monitoring segment
Unknown tenure,No observed activity,No observed revenue,No observed value,Critical risk,High risk / low value,Do not overspend,No paid budget,8670,0.9806228373702423,0.9788262475955716,1.0,1.0,0.0118800461361015,0.0,0.0,0.0,0.0,Do not spend premium budget
Established,High engagement,Medium revenue,Elite value,Low risk,Low risk / high value,Protect without discount,Premium save budget,3057,0.0,0.002381469832190823,1.0,1.0,1.0,3470721.442500025,0.0,149.0,0.0,"Protect, but avoid discounting"
